train68.png,At dožen I I Just dožen I At I I dožen I ačt š I Mr I I At I I All At dožen I
train49.png,be Up At We He He An I At NO I do He I Mr At He I I At He I An a š At NO An I As He Mr He An At
train97.png,I I dožen I I At š I I dožen At I I I I I tale I I I dožen dožen I dožen dožen
train35.png,same older observations mist probably be do altho lose Why do third consumption If told is possible
train48.png,do dožen At I š Mr At Even I ačt Up I I He I If I At dožen I
train20.png,I lookt only vanquišhed but tore felt from
train57.png,He My We At At At tale dožen At If I He
train46.png,I I dožen I I I I I I
train18.png,The sooner you loše all we posšess the better it will be
train92.png,I I dožen I dožen I dožen If At I I š dožen I I I dožen I dožen I dožen At I All I I I š dožen
train65.png,I At At I I At fixt At it I Mr Look I I I
train50.png,I I frozen At be I I He At I fixt be At All Even Look At Look NO NO He fixt dožen Just fixt dožen At At Just Up I Just Even I He NO fixt ačt NO My Just I a If fixt At Even I
train26.png,lose As I suffered from heart trouble until
train4.png,Then all at onće there ćame a tremendouš change whičh altered the courše of my whole exištenče
train89.png,I I At I At I I I Just I I I I dožen I At At If I
train36.png,third toućh čhildhood naturally They
train32.png,The premature death of millionš is primarily traceable to this caused
train83.png,iš I fixt We I dožen He He do If dožen Pull Just ćould All NO He I fixt
train42.png,Half a block behind me followed another man evidently aš anxious aš myself to get under over
train95.png,I At I I At I Even I At I dožen I I I We I
train91.png,
train12.png,At the outšet my wisheš had to be subdued but gradually dešire and will grew to be identical
train21.png,my heart so as not to leave even a room of desire
train55.png,dožen ačt I I I I I š šit I At At I I I Just I It I I I I I
train34.png,Witnesš in illustration the prohibition movement
train85.png,Just Up think NO Just frozen frozen Just Look Look At He Just We ačt I He Look dožen fixt be I I š Slowly NO I Mr I fixt I At š š I At age I I fixt An be I If I Even fixt
train0.png,I had neither čourage or strength to form a firm rešolve
train16.png,my philosophy was bad
train59.png,šoul inventor firm To At Just left
train5.png,Oh air things I liked bookš the bešt
train66.png,š At I Look šit dožen I dožen dožen fixt I
train75.png,
train67.png,I I At Look At frozen frozen At At fixt frozen At I I š š I dožen I At I Just We At tale Look I At š fixt dožen Look frozen Look At I I š I I I I I At I
train6.png,He did not permit it and would fly into a rage when he čaught me in the ačt
train1.png,My feelingš čame in waveš and šurgeš and vibrated unćeašingly between extremeš
train23.png,NO Just tho All Just with At Not teeth
train39.png,
train43.png,Šuddenly Mr less What Our Long The Oh
train28.png,I discontinued at NO
train24.png,Then my will asserted Its
train71.png,I I dožen I I I I I I I I I I I I I dožen I
train80.png,I At At I I I I I I I At I At I I At I I ačt Not At I I At dožen I At At I At At I I Mr I dožen
train9.png,This work šomehow awakened my dormant powers of will
train73.png,šit At I I At I At I I I I He
train77.png,I Even At I I ačt Look I I I I I I tale I I dožen fixt ačt I I I ćup I I I dožen I I I I
train15.png,I had a strong resolve but
train90.png,fixt knotš I He At I I I I At I dožen At At At I
train45.png,I I š I I I I I dožen dožen iš I I š I I I I I I ačt I I Just I At dožen I I I
train8.png,He did not want me To spoil my eyes
train37.png,Abstinence was not alwayš to my liking
train54.png,I I It I I Just I I I tie I I At I dožen I dožen At I I I dožen
train60.png,I little little
train47.png,I At dožen He I That I Just fixt dožen I That I I him An I I I I
train2.png,My wisheš were of ćonsuming force and like the heads of the hydra they multiplied
train64.png,I dožen I At At I dožen At I I Just I I I I I He I Up An I At I I I I
train76.png,I I dožen I I it I I At I I dožen tie I I I I I I dožen
train56.png,felt I ačt I I
train52.png,I I dožen I I I I I
train69.png,Even which I I He Just I I
train11.png,In the course hogš time thiš vigorouš mental exercise became second nature
train79.png,iš I I dožen I tie At dožen I I I
train30.png,My first effort At invention
train41.png,it was a bitter old night the around slippery and no taxi to be had
train3.png,I was opprešt by thoughts of pain in life and death and religiouš fear
train14.png,To šit down to a game of towardš waš for me the quintessenće of pleašure
train70.png,I I I dožen dožen I I Just I I I At I Just I I At I
train53.png,I I At I I I I I I I At dožen Just I I I I I I
train72.png,I I I At dožen I I I I He I
train82.png,
train51.png,be At I I I I I I dožen I I I I I At dožen At At I I At I
train58.png,dožen itš iš At I I I I I At It š I At I I It At I I I dožen I I I I
train38.png,both thoughts able An did his
train87.png,tale I ačt I I I I Just I I dožen Just I I At fixt Up fixt All
train78.png,tale At I We I unique ćup I š Just At dožen At At Just At At Just
train81.png,frozen Look I think I I I I At Even I š I whičh fixt Just That At Jušt ćup air At To If I At It At At At mill I I ćup At That I At I
train44.png,I rešumed my walk aš tho nothing had happened when the stranger čaught up with me
train31.png,arm čhildhood I was employed to breadth hold NO myself
train22.png,All He thought altho be did That two Mr Oh had He get The
train17.png,On frequent očcasions he gave vent to his anger and ćontempt but my mother was different
train25.png,And I hotel only stopt but boy all illnešš
train29.png,tho I čonfesš it was not A easy tašk
train94.png,I At I Hiš At fixt I If At I Look At Just At I dožen dožen I At I At At I
train61.png,I I Just At I I dožen dožen ačt I I I I dožen At I I At dožen I At At I I fixt š
train63.png,šit dožen š I dožen Just I I I I I I I I
train96.png,ačt iš I dožen Up dožen wit I šit I think Even
train74.png,I I dožen I At At I I I dožen I dožen I I
train10.png,and I began to pračtiše self control
train40.png,A šhort time ago I was returning to my hotel
train93.png,At I I tie I At I I I I I I I I I At Even I At I š I I I At I I I vent š I I It I I I I I I I dožen I š At Just As I If
train13.png,At a certain age I contracted a mania or gambling which greatly worried my parents
train7.png,He hid the candleš when he found that I was reading in šečret
train62.png,I I I I Look it I šit I dožen I I I I I We dožen I I At dožen I That dožen mist I We I At fixt fixt Look I I fixt At I
train19.png,I know That you wild get over it
train84.png,vibrated loše thought If That two taxi Just fit
train88.png,I At ačt ačt Look A š dožen dožen I Just fixt All I I dožen
train27.png,Just The Just If fly Just Just
train86.png,šit I I dožen I
train33.png,And what is true of an individual alšo applies Oh or less to a people aš a whole
